[
    {
        "text": "TO:",
        "position": [
            505.0881591591887,
            111.52871464890143,
            544.0492333733265,
            128.45870717970607
        ],
        "id": 1,
        "label": "备注-value",
        "match_type": "子串匹配",
        "tb_id": 0,
        "gaze_during": 0,
        "fix_id": 1000
    },
    {
        "text": "Shipper（发货人）",
        "position": [
            68.01007556675063,
            111.52984546652317,
            200.30933703623532,
            128.45870717970607
        ],
        "id": 5,
        "label": "发货人",
        "match_type": "匹配为key",
        "tb_id": 1,
        "gaze_during": 1036,
        "fix_id": 7
    },
    {
        "text": "BODEHIGHTECH(HONGKONG)COMPANYLIMITED",
        "position": [
            68.01007556675063,
            129.6577218026277,
            458.6798654295235,
            146.5865835158106
        ],
        "id": 6,
        "label": "发货人-value",
        "match_type": "子串匹配",
        "tb_id": 2,
        "gaze_during": 2093,
        "fix_id": 13
    },
    {
        "text": "谢谢！",
        "position": [
            505.08764668936294,
            129.6577218026277,
            550.4276970671967,
            146.5865835158106
        ],
        "id": 3,
        "label": "备注-value",
        "match_type": "全等",
        "tb_id": 3,
        "gaze_during": 0,
        "fix_id": 1000
    },
    {
        "text": "货预计8月21号好，请订下周1/3，预计8月26号开的船，",
        "position": [
            544.0492333733265,
            111.52871464890143,
            920.6729507766582,
            128.45870717970607
        ],
        "id": 2,
        "label": "备注-value",
        "match_type": "子串匹配",
        "tb_id": 4,
        "gaze_during": 683,
        "fix_id": 25
    },
    {
        "text": "ROOM701B&C,EASTOCEANCENTER98GRANVILLE",
        "position": [
            68.01007556675063,
            147.87154027798397,
            471.7481022217412,
            164.80040199116686
        ],
        "id": 7,
        "label": "发货人-value",
        "match_type": "子串匹配",
        "tb_id": 5,
        "gaze_during": 1767,
        "fix_id": 16
    },
    {
        "text": "ROAD,TSIMSHATSUI,KOWLOON,HONGKONG",
        "position": [
            68.01007556675063,
            165.9994166140885,
            418.12825623327296,
            182.92827832727139
        ],
        "id": 8,
        "label": "发货人-value",
        "match_type": "全等",
        "tb_id": 6,
        "gaze_during": 524,
        "fix_id": 18
    },
    {
        "text": "1*20GP",
        "position": [
            505.08764668936294,
            147.87154027798397,
            558.3488406702613,
            164.80040199116686
        ],
        "id": 4,
        "label": "箱型箱量-value",
        "match_type": "全等",
        "tb_id": 7,
        "gaze_during": 520,
        "fix_id": 26
    },
    {
        "text": "Consignee（收货人）",
        "position": [
            68.00956309692485,
            207.72937040714075,
            220.43927991019888,
            224.65831910629456
        ],
        "id": 12,
        "label": "收货人",
        "match_type": "匹配为key",
        "tb_id": 8,
        "gaze_during": 430,
        "fix_id": 32
    },
    {
        "text": "GFMACHININGSOLUTIONSSP.Z.O.O.",
        "position": [
            68.01057522483076,
            225.85724674324527,
            350.0607327990528,
            242.78610845642817
        ],
        "id": 13,
        "label": "收货人-value",
        "match_type": "子串匹配",
        "tb_id": 9,
        "gaze_during": 1020,
        "fix_id": 33
    },
    {
        "text": "Marks(唛头)",
        "position": [
            505.08867162901447,
            207.728239589519,
            591.9508721826459,
            224.6571013027019
        ],
        "id": 10,
        "label": "唛头",
        "match_type": "匹配为key",
        "tb_id": 10,
        "gaze_during": 0,
        "fix_id": 1000
    },
    {
        "text": "05-090RASZYN,AL.KRAKOWSKA81,SEKOCINNOWY,",
        "position": [
            68.01057522483076,
            244.07106521860155,
            466.7885729888224,
            260.99992693178444
        ],
        "id": 14,
        "label": "收货人-value",
        "match_type": "子串匹配",
        "tb_id": 11,
        "gaze_during": 1716,
        "fix_id": 37
    },
    {
        "text": "BRASSWIRE",
        "position": [
            505.08867162901447,
            225.85611592562353,
            596.5290726182043,
            242.78497763880642
        ],
        "id": 11,
        "label": "唛头-value",
        "match_type": "全等",
        "tb_id": 12,
        "gaze_during": 670,
        "fix_id": 28
    },
    {
        "text": "POLAND",
        "position": [
            68.01057522483076,
            262.1989415547061,
            131.217911701859,
            279.12780326788896
        ],
        "id": 15,
        "label": "收货人-value",
        "match_type": "子串匹配",
        "tb_id": 13,
        "gaze_during": 0,
        "fix_id": 1000
    },
    {
        "text": "0227833391",
        "position": [
            68.01057522483076,
            280.4127600300624,
            171.32585014644337,
            297.34162174324524
        ],
        "id": 16,
        "label": "收货人-value",
        "match_type": "全等",
        "tb_id": 14,
        "gaze_during": 573,
        "fix_id": 41
    },
    {
        "text": "SAMEASCONSIGNEE",
        "position": [
            68.0095759086705,
            322.05677168386285,
            229.9915124747455,
            338.9856333970457
        ],
        "id": 18,
        "label": "通知人-value",
        "match_type": "通知人-value直接匹配",
        "tb_id": 15,
        "gaze_during": 173,
        "fix_id": 44
    },
    {
        "text": "NotifyParty（通知人）",
        "position": [
            68.01058803657641,
            303.9277645301366,
            229.2191435768262,
            320.85775706094125
        ],
        "id": 17,
        "label": "0",
        "match_type": "无任何可匹配项",
        "tb_id": 16,
        "gaze_during": 276,
        "fix_id": 44
    },
    {
        "text": "Port pf Loading（装货港）",
        "position": [
            118.38790931989925,
            410.39567888490944,
            332.92345996667717,
            429.1302823680597
        ],
        "id": 22,
        "label": "0",
        "match_type": "无任何可匹配项",
        "tb_id": 17,
        "gaze_during": 470,
        "fix_id": 47
    },
    {
        "text": " Port of Discharge(卸货港)",
        "position": [
            394.28408580302795,
            410.39567888490944,
            608.6364284870907,
            429.1302823680597
        ],
        "id": 23,
        "label": "0",
        "match_type": "无任何可匹配项",
        "tb_id": 18,
        "gaze_during": 746,
        "fix_id": 50
    },
    {
        "text": "  Place of Delivery(交货地点)",
        "position": [
            660.0596494378411,
            410.39567888490944,
            890.6475486723342,
            429.1302823680597
        ],
        "id": 24,
        "label": "0",
        "match_type": "无任何可匹配项",
        "tb_id": 19,
        "gaze_during": 520,
        "fix_id": 52
    },
    {
        "text": "NINGBOCHINA",
        "position": [
            166.24685138539044,
            450.32315288190324,
            285.1876131533375,
            467.2520145950861
        ],
        "id": 25,
        "label": "起运港-value",
        "match_type": "全等",
        "tb_id": 20,
        "gaze_during": 320,
        "fix_id": 48
    },
    {
        "text": "GDYNIA",
        "position": [
            472.3435921592937,
            450.32315288190324,
            532.0627258966992,
            467.2520145950861
        ],
        "id": 26,
        "label": "卸货港-value",
        "match_type": "全等",
        "tb_id": 21,
        "gaze_during": 0,
        "fix_id": 1000
    },
    {
        "text": "GDYNIA",
        "position": [
            745.6157181465155,
            450.32315288190324,
            805.4376533309719,
            467.2520145950861
        ],
        "id": 27,
        "label": "0",
        "match_type": "无任何可匹配项",
        "tb_id": 22,
        "gaze_during": 0,
        "fix_id": 1000
    },
    {
        "text": "NO",
        "position": [
            75.56675062972292,
            490.6047032734561,
            103.13796036189389,
            509.33930675660633
        ],
        "id": 28,
        "label": "0",
        "match_type": "无任何可匹配项",
        "tb_id": 23,
        "gaze_during": 0,
        "fix_id": 1000
    },
    {
        "text": "Description of Goods (货物描述）",
        "position": [
            278.3878303995461,
            490.6047032734561,
            549.5558321526029,
            509.33930675660633
        ],
        "id": 30,
        "label": "0",
        "match_type": "无任何可匹配项",
        "tb_id": 24,
        "gaze_during": 617,
        "fix_id": 58
    },
    {
        "text": "毛重",
        "position": [
            603.3598854199465,
            490.6047032734561,
            679.8930004001364,
            509.33930675660633
        ],
        "id": 31,
        "label": "毛重",
        "match_type": "匹配为key",
        "tb_id": 25,
        "gaze_during": 0,
        "fix_id": 1000
    },
    {
        "text": "Measurement(立方米)",
        "position": [
            739.4030464486251,
            490.6047032734561,
            915.8369780187343,
            509.33930675660633
        ],
        "id": 32,
        "label": "体积",
        "match_type": "匹配为key",
        "tb_id": 26,
        "gaze_during": 0,
        "fix_id": 1000
    },
    {
        "text": "1",
        "position": [
            85.64231738035265,
            531.5583072762025,
            94.50517553526448,
            548.4871689893854
        ],
        "id": 33,
        "label": "0",
        "match_type": "单个字符不匹配",
        "tb_id": 27,
        "gaze_during": 0,
        "fix_id": 1000
    },
    {
        "text": "22PACKAGES",
        "position": [
            138.53299567721453,
            531.5583072762025,
            239.29898945050115,
            548.4871689893854
        ],
        "id": 34,
        "label": "件数-value",
        "match_type": "全等",
        "tb_id": 28,
        "gaze_during": 0,
        "fix_id": 1000
    },
    {
        "text": "BRASSWIRE",
        "position": [
            367.8040524473919,
            531.5583072762025,
            459.2036608384498,
            548.4871689893854
        ],
        "id": 35,
        "label": "品名-value",
        "match_type": "全等",
        "tb_id": 29,
        "gaze_during": 450,
        "fix_id": 64
    },
    {
        "text": "18635",
        "position": [
            619.6635492102225,
            531.5583072762025,
            663.7646525372586,
            548.4871689893854
        ],
        "id": 36,
        "label": "毛重-value",
        "match_type": "全等",
        "tb_id": 30,
        "gaze_during": 0,
        "fix_id": 1000
    },
    {
        "text": "18.32",
        "position": [
            807.3380451858994,
            531.5583072762025,
            846.4109483233627,
            548.4871689893854
        ],
        "id": 37,
        "label": "体积-value",
        "match_type": "全等",
        "tb_id": 31,
        "gaze_during": 0,
        "fix_id": 1000
    },
    {
        "text": "FREIGHTPREPAID",
        "position": [
            100.75566750629723,
            612.7930267406473,
            231.98217588948364,
            629.7218884538302
        ],
        "id": 38,
        "label": "运费条款-value",
        "match_type": "全等",
        "tb_id": 32,
        "gaze_during": 153,
        "fix_id": 69
    },
    {
        "text": "***拼箱:",
        "position": [
            68.0095759086705,
            967.6628203403355,
            147.5147409185932,
            984.5916820535184
        ],
        "id": 39,
        "label": "0",
        "match_type": "无任何可匹配项",
        "tb_id": 33,
        "gaze_during": 0,
        "fix_id": 1000
    },
    {
        "text": "进仓需过磅，请提前通知仓库后续过磅操作",
        "position": [
            147.5147409185932,
            967.6628203403355,
            412.5319576183354,
            984.5916820535184
        ],
        "id": 40,
        "label": "0",
        "match_type": "无任何可匹配项",
        "tb_id": 34,
        "gaze_during": 743,
        "fix_id": 75
    },
    {
        "text": "***整柜:",
        "position": [
            68.0095759086705,
            992.2898534924288,
            155.35864581450224,
            1009.2187152056117
        ],
        "id": 41,
        "label": "0",
        "match_type": "无任何可匹配项",
        "tb_id": 35,
        "gaze_during": 0,
        "fix_id": 1000
    },
    {
        "text": "柜时出示装货委托书。谢谢配合！",
        "position": [
            68.0095759086705,
            1010.4177298285333,
            294.70981498609365,
            1027.3465915417162
        ],
        "id": 43,
        "label": "0",
        "match_type": "无任何可匹配项",
        "tb_id": 36,
        "gaze_during": 1623,
        "fix_id": 93
    },
    {
        "text": "集装箱需放车尾，司机提箱时，务必检查集装箱箱体情况，不得有油污或破损现象，进出我司工厂请先到3号门过磅，装",
        "position": [
            155.35864581450224,
            992.2898534924288,
            926.9420966493493,
            1009.2187152056117
        ],
        "id": 42,
        "label": "0",
        "match_type": "无任何可匹配项",
        "tb_id": 37,
        "gaze_during": 2865,
        "fix_id": 89
    },
    {
        "text": "复核状态:",
        "position": [
            65.4911838790932,
            1151.5108013379602,
            141.06454857250506,
            1168.4396630511433
        ],
        "id": 44,
        "label": "0",
        "match_type": "无任何可匹配项",
        "tb_id": 38,
        "gaze_during": 0,
        "fix_id": 1000
    },
    {
        "text": "已复核",
        "position": [
            141.06454857250506,
            1151.5108013379602,
            186.40856738855217,
            1168.4396630511433
        ],
        "id": 45,
        "label": "0",
        "match_type": "无任何可匹配项",
        "tb_id": 39,
        "gaze_during": 0,
        "fix_id": 1000
    },
    {
        "text": "复核人:",
        "position": [
            458.448895279046,
            1151.5108013379602,
            518.907386316427,
            1168.4396630511433
        ],
        "id": 46,
        "label": "0",
        "match_type": "无任何可匹配项",
        "tb_id": 40,
        "gaze_during": 0,
        "fix_id": 1000
    },
    {
        "text": "陈霞",
        "position": [
            518.907386316427,
            1151.5108013379602,
            549.1366318351176,
            1168.4396630511433
        ],
        "id": 47,
        "label": "0",
        "match_type": "无任何可匹配项",
        "tb_id": 41,
        "gaze_during": 0,
        "fix_id": 1000
    },
    {
        "text": "复核时间:",
        "position": [
            717.9028873779912,
            1151.5108013379602,
            764.6142984684395,
            1168.4396630511433
        ],
        "id": 48,
        "label": "0",
        "match_type": "无任何可匹配项",
        "tb_id": 42,
        "gaze_during": 0,
        "fix_id": 1000
    },
    {
        "text": "2020-08-1908:",
        "position": [
            764.6142984684395,
            1151.5108013379602,
            895.4062495216949,
            1168.4396630511433
        ],
        "id": 49,
        "label": "0",
        "match_type": "无任何可匹配项",
        "tb_id": 43,
        "gaze_during": 0,
        "fix_id": 1000
    },
    {
        "text": "49:",
        "position": [
            895.4062495216949,
            1151.5108013379602,
            923.4330961759639,
            1168.4396630511433
        ],
        "id": 50,
        "label": "0",
        "match_type": "无任何可匹配项",
        "tb_id": 44,
        "gaze_during": 0,
        "fix_id": 1000
    },
    {
        "text": "07",
        "position": [
            923.4330961759639,
            1151.5108013379602,
            942.1176606121431,
            1168.4396630511433
        ],
        "id": 51,
        "label": "0",
        "match_type": "无任何可匹配项",
        "tb_id": 45,
        "gaze_during": 0,
        "fix_id": 1000
    }
]