[
    {
        "text": "TO:",
        "position": [
            505.0881591591887,
            111.51705852880048,
            535.1186741355439,
            128.44592024198337
        ],
        "id": 1,
        "label": "备注-value",
        "match_type": "子串匹配",
        "tb_id": 0,
        "gaze_during": 0,
        "fix_id": 1000
    },
    {
        "text": "Shipper（发货人）",
        "position": [
            68.01007556675063,
            111.52984546652317,
            200.30933703623532,
            128.45870717970607
        ],
        "id": 7,
        "label": "发货人",
        "match_type": "匹配为key",
        "tb_id": 1,
        "gaze_during": 0,
        "fix_id": 1000
    },
    {
        "text": "POWERWAY ALLOY (HONGKONG) INTERNATIONAL ",
        "position": [
            68.01007556675063,
            129.65380743393706,
            452.87768206208017,
            146.58266914711996
        ],
        "id": 8,
        "label": "发货人-value",
        "match_type": "子串匹配",
        "tb_id": 2,
        "gaze_during": 220,
        "fix_id": 4
    },
    {
        "text": "      货好，请帮忙安排船期本周6/7 SITC，谢谢。",
        "position": [
            505.0881591591887,
            129.64102049621437,
            838.7891895925168,
            146.56988220939726
        ],
        "id": 3,
        "label": "备注-value",
        "match_type": "子串匹配",
        "tb_id": 3,
        "gaze_during": 307,
        "fix_id": 22
    },
    {
        "text": "环集  1*20GP",
        "position": [
            535.1186741355439,
            111.51705852880048,
            635.2203907233942,
            128.44592024198337
        ],
        "id": 2,
        "label": "备注-value",
        "match_type": "子串匹配",
        "tb_id": 4,
        "gaze_during": 133,
        "fix_id": 5
    },
    {
        "text": "TRADING CO., LTD.",
        "position": [
            68.01007556675063,
            147.86762590929337,
            208.97415122697575,
            164.79648762247626
        ],
        "id": 9,
        "label": "发货人-value",
        "match_type": "子串匹配",
        "tb_id": 5,
        "gaze_during": 543,
        "fix_id": 6
    },
    {
        "text": "ROOM 701 B-C EAST OCEAN CENTRE 98 GRANVILLE ",
        "position": [
            68.01007556675063,
            165.99158787670726,
            461.7112781899402,
            182.92044958989015
        ],
        "id": 10,
        "label": "发货人-value",
        "match_type": "子串匹配",
        "tb_id": 6,
        "gaze_during": 937,
        "fix_id": 10
    },
    {
        "text": "联系人:",
        "position": [
            505.0881591591887,
            147.85483897157067,
            547.2484475508819,
            164.78370068475357
        ],
        "id": 4,
        "label": "备注-value",
        "match_type": "子串匹配",
        "tb_id": 7,
        "gaze_during": 0,
        "fix_id": 1000
    },
    {
        "text": "申请目的港最长免用箱期！",
        "position": [
            505.0881591591887,
            165.97880093898456,
            686.4483606705237,
            182.90766265216746
        ],
        "id": 6,
        "label": "备注-value",
        "match_type": "全等",
        "tb_id": 8,
        "gaze_during": 567,
        "fix_id": 25
    },
    {
        "text": "小吴qq  970033834",
        "position": [
            547.2484475508819,
            147.85483897157067,
            705.3495290197313,
            164.78370068475357
        ],
        "id": 5,
        "label": "备注-value",
        "match_type": "子串匹配",
        "tb_id": 9,
        "gaze_during": 1201,
        "fix_id": 24
    },
    {
        "text": "ROAD TSIM SHA TSUI EAST, KOWLOON, HONGKONG",
        "position": [
            68.01007556675063,
            184.20540635206356,
            465.9877363920812,
            201.13426806524646
        ],
        "id": 11,
        "label": "发货人-value",
        "match_type": "子串匹配",
        "tb_id": 10,
        "gaze_during": 1657,
        "fix_id": 14
    },
    {
        "text": "TEL:",
        "position": [
            68.01007556675063,
            202.32936831947745,
            100.88308908266218,
            219.25823003266035
        ],
        "id": 12,
        "label": "发货人-value",
        "match_type": "子串匹配",
        "tb_id": 11,
        "gaze_during": 0,
        "fix_id": 1000
    },
    {
        "text": "00852-27939229  FAX:",
        "position": [
            100.88308908266218,
            202.32936831947745,
            265.24815666221997,
            219.25823003266035
        ],
        "id": 13,
        "label": "发货人-value",
        "match_type": "子串匹配",
        "tb_id": 12,
        "gaze_during": 347,
        "fix_id": 15
    },
    {
        "text": "00852-27939289",
        "position": [
            265.24815666221997,
            202.32936831947745,
            380.3037039679104,
            219.25823003266035
        ],
        "id": 14,
        "label": "发货人-value",
        "match_type": "全等",
        "tb_id": 13,
        "gaze_during": 400,
        "fix_id": 16
    },
    {
        "text": "Consignee（收货人）",
        "position": [
            68.01007556675063,
            226.943614533848,
            220.43927991019888,
            243.89813710844717
        ],
        "id": 15,
        "label": "收货人",
        "match_type": "匹配为key",
        "tb_id": 14,
        "gaze_during": 387,
        "fix_id": 19
    },
    {
        "text": "KODO(PHILIPPINES)INC.",
        "position": [
            68.01511058278889,
            245.09323736267817,
            246.77766660599025,
            262.02209907586104
        ],
        "id": 16,
        "label": "收货人-value",
        "match_type": "子串匹配",
        "tb_id": 15,
        "gaze_during": 187,
        "fix_id": 18
    },
    {
        "text": "Marks(唛头)",
        "position": [
            505.09318136348134,
            226.95648845754158,
            591.9553819171127,
            243.88535017072448
        ],
        "id": 21,
        "label": "唛头",
        "match_type": "匹配为key",
        "tb_id": 16,
        "gaze_during": 0,
        "fix_id": 1000
    },
    {
        "text": "BUILDING 1,PANORAMA COMPOUND 5,LOT5.BLOCK 3,",
        "position": [
            68.01511058278889,
            263.30705583803444,
            476.0622782030594,
            280.23591755121737
        ],
        "id": 17,
        "label": "收货人-value",
        "match_type": "子串匹配",
        "tb_id": 17,
        "gaze_during": 853,
        "fix_id": 39
    },
    {
        "text": "305043",
        "position": [
            505.09318136348134,
            245.08045042495547,
            557.9539826695004,
            262.0093121381384
        ],
        "id": 22,
        "label": "唛头-value",
        "match_type": "全等",
        "tb_id": 18,
        "gaze_during": 0,
        "fix_id": 1000
    },
    {
        "text": "LAGUNA TECHNOPARK ANNEX ,BINAN,LAGUNA,",
        "position": [
            68.01511058278889,
            281.43101780544833,
            428.1953416082861,
            298.35987951863126
        ],
        "id": 18,
        "label": "收货人-value",
        "match_type": "子串匹配",
        "tb_id": 19,
        "gaze_during": 762,
        "fix_id": 42
    },
    {
        "text": "PHILIPPINES",
        "position": [
            68.01511058278889,
            299.64483628080467,
            158.65818539354402,
            316.57369799398754
        ],
        "id": 19,
        "label": "收货人-value",
        "match_type": "子串匹配",
        "tb_id": 20,
        "gaze_during": 163,
        "fix_id": 42
    },
    {
        "text": "TEL (049)502-0152",
        "position": [
            68.01511058278889,
            317.76879824821856,
            202.7661430044999,
            334.6976599614014
        ],
        "id": 20,
        "label": "收货人-value",
        "match_type": "全等",
        "tb_id": 21,
        "gaze_during": 413,
        "fix_id": 47
    },
    {
        "text": "SAME AS CONSIGNEE ",
        "position": [
            68.00889688615135,
            358.9294288617132,
            234.7042362395702,
            375.8582905748961
        ],
        "id": 24,
        "label": "通知人-value",
        "match_type": "通知人-value直接匹配",
        "tb_id": 22,
        "gaze_during": 267,
        "fix_id": 52
    },
    {
        "text": "Notify Party（通知人） ",
        "position": [
            68.01007556675063,
            341.0876493839074,
            233.6664592188812,
            358.01790287262475
        ],
        "id": 23,
        "label": "通知人",
        "match_type": "匹配为key",
        "tb_id": 23,
        "gaze_during": 660,
        "fix_id": 52
    },
    {
        "text": "Port pf Loading（装货港）",
        "position": [
            118.38790931989925,
            448.8754888611565,
            332.92345996667717,
            467.61009234430674
        ],
        "id": 25,
        "label": "起运港",
        "match_type": "匹配为key",
        "tb_id": 24,
        "gaze_during": 0,
        "fix_id": 1000
    },
    {
        "text": " Port of Discharge(卸货港)",
        "position": [
            394.28408580302795,
            448.8754888611565,
            608.6364284870907,
            467.61009234430674
        ],
        "id": 26,
        "label": "卸货港",
        "match_type": "匹配为key",
        "tb_id": 25,
        "gaze_during": 0,
        "fix_id": 1000
    },
    {
        "text": "交货地",
        "position": [
            660.0596494378411,
            448.8754888611565,
            890.6392466611566,
            467.61009234430674
        ],
        "id": 27,
        "label": "交货地",
        "match_type": "匹配为key",
        "tb_id": 26,
        "gaze_during": 0,
        "fix_id": 1000
    },
    {
        "text": "NINGBO CHINA",
        "position": [
            166.24685138539044,
            489.9146000733002,
            285.17400707946314,
            506.8434617864831
        ],
        "id": 28,
        "label": "起运港-value",
        "match_type": "全等",
        "tb_id": 27,
        "gaze_during": 0,
        "fix_id": 1000
    },
    {
        "text": "MANILA NORTH PORT",
        "position": [
            418.125950119057,
            489.9146000733002,
            584.2737667106161,
            506.8434617864831
        ],
        "id": 29,
        "label": "卸货港-value",
        "match_type": "全等",
        "tb_id": 28,
        "gaze_during": 0,
        "fix_id": 1000
    },
    {
        "text": "MANILA NORTH PORT",
        "position": [
            691.4811218415459,
            489.9146000733002,
            857.5502999383397,
            506.8434617864831
        ],
        "id": 30,
        "label": "目的港-value",
        "match_type": "全等",
        "tb_id": 29,
        "gaze_during": 0,
        "fix_id": 1000
    },
    {
        "text": "NO",
        "position": [
            75.56675062972292,
            529.0845132497031,
            103.13796036189389,
            547.8191167328533
        ],
        "id": 31,
        "label": "0",
        "match_type": "无任何可匹配项",
        "tb_id": 30,
        "gaze_during": 0,
        "fix_id": 1000
    },
    {
        "text": "Description of Goods (货物描述）",
        "position": [
            278.3878303995461,
            529.0845132497031,
            549.562494260338,
            547.8191167328533
        ],
        "id": 33,
        "label": "品名",
        "match_type": "匹配为key",
        "tb_id": 31,
        "gaze_during": 297,
        "fix_id": 67
    },
    {
        "text": "毛重",
        "position": [
            603.3665475276816,
            529.0845132497031,
            679.8996625078715,
            547.8191167328533
        ],
        "id": 34,
        "label": "毛重",
        "match_type": "匹配为key",
        "tb_id": 32,
        "gaze_during": 0,
        "fix_id": 1000
    },
    {
        "text": "Measurement(立方米)",
        "position": [
            739.4097085563602,
            529.0845132497031,
            915.8286760075567,
            547.8191167328533
        ],
        "id": 35,
        "label": "体积",
        "match_type": "匹配为key",
        "tb_id": 33,
        "gaze_during": 0,
        "fix_id": 1000
    },
    {
        "text": "1",
        "position": [
            85.64231738035265,
            570.0381172524495,
            94.50517553526448,
            586.9669789656325
        ],
        "id": 36,
        "label": "0",
        "match_type": "单个字符不匹配",
        "tb_id": 34,
        "gaze_during": 0,
        "fix_id": 1000
    },
    {
        "text": "28 PACKAGES",
        "position": [
            138.53299567721453,
            570.0381172524495,
            239.28689516261284,
            586.9669789656325
        ],
        "id": 37,
        "label": "件数-value",
        "match_type": "全等",
        "tb_id": 35,
        "gaze_during": 233,
        "fix_id": 71
    },
    {
        "text": "BRONZE STRIP",
        "position": [
            359.02772482256245,
            570.0381172524495,
            469.02596500118074,
            586.9669789656325
        ],
        "id": 38,
        "label": "品名-value",
        "match_type": "全等",
        "tb_id": 36,
        "gaze_during": 267,
        "fix_id": 76
    },
    {
        "text": "20000",
        "position": [
            619.687635292034,
            570.0381172524495,
            663.7647550312238,
            586.9669789656325
        ],
        "id": 39,
        "label": "毛重-value",
        "match_type": "全等",
        "tb_id": 37,
        "gaze_during": 140,
        "fix_id": 83
    },
    {
        "text": "15",
        "position": [
            818.6246806288046,
            570.0381172524495,
            836.3469633907955,
            586.9669789656325
        ],
        "id": 40,
        "label": "体积-value",
        "match_type": "全等",
        "tb_id": 38,
        "gaze_during": 0,
        "fix_id": 1000
    },
    {
        "text": "FREIGHT PREPAID",
        "position": [
            100.75566750629723,
            651.2690093341746,
            231.98217588948364,
            668.1978710473575
        ],
        "id": 41,
        "label": "运费条款-value",
        "match_type": "全等",
        "tb_id": 39,
        "gaze_during": 0,
        "fix_id": 1000
    },
    {
        "text": "***拼箱:",
        "position": [
            68.00504055071238,
            1006.1426303165827,
            147.51021147374843,
            1023.0714920297655
        ],
        "id": 42,
        "label": "0",
        "match_type": "无任何可匹配项",
        "tb_id": 40,
        "gaze_during": 267,
        "fix_id": 87
    },
    {
        "text": "进仓需过磅，请提前通知仓库后续过磅操作 ",
        "position": [
            147.51021147374843,
            1006.1426303165827,
            412.5274478838686,
            1023.0714920297655
        ],
        "id": 43,
        "label": "0",
        "match_type": "无任何可匹配项",
        "tb_id": 41,
        "gaze_during": 723,
        "fix_id": 90
    },
    {
        "text": "***整柜:",
        "position": [
            68.00504055071238,
            1030.7696634686758,
            155.35411306232288,
            1047.6985251818587
        ],
        "id": 44,
        "label": "0",
        "match_type": "无任何可匹配项",
        "tb_id": 42,
        "gaze_during": 267,
        "fix_id": 87
    },
    {
        "text": "柜时出示装货委托书。谢谢配合！",
        "position": [
            68.00504055071238,
            1048.8937124220606,
            294.7053052516268,
            1065.8225741352435
        ],
        "id": 46,
        "label": "0",
        "match_type": "无任何可匹配项",
        "tb_id": 43,
        "gaze_during": 123,
        "fix_id": 86
    },
    {
        "text": "集装箱需放车尾，司机提箱时，务必检查集装箱箱体情况，不得有油污或破损现象，进出我司工厂请先到3号门过磅，装",
        "position": [
            155.35411306232288,
            1030.7696634686758,
            926.9375869148824,
            1047.6985251818587
        ],
        "id": 45,
        "label": "0",
        "match_type": "无任何可匹配项",
        "tb_id": 44,
        "gaze_during": 1826,
        "fix_id": 98
    },
    {
        "text": "复核状态:",
        "position": [
            65.4911838790932,
            1151.5108013379602,
            141.06454857250506,
            1168.4396630511433
        ],
        "id": 47,
        "label": "0",
        "match_type": "无任何可匹配项",
        "tb_id": 45,
        "gaze_during": 0,
        "fix_id": 1000
    },
    {
        "text": "已复核",
        "position": [
            141.06454857250506,
            1151.5108013379602,
            186.40856738855217,
            1168.4396630511433
        ],
        "id": 48,
        "label": "0",
        "match_type": "无任何可匹配项",
        "tb_id": 46,
        "gaze_during": 0,
        "fix_id": 1000
    },
    {
        "text": "复核人:",
        "position": [
            458.4534050135128,
            1151.5108013379602,
            518.9118960508939,
            1168.4396630511433
        ],
        "id": 49,
        "label": "0",
        "match_type": "无任何可匹配项",
        "tb_id": 47,
        "gaze_during": 0,
        "fix_id": 1000
    },
    {
        "text": "陈霞",
        "position": [
            518.9118960508939,
            1151.5108013379602,
            549.1411415695844,
            1168.4396630511433
        ],
        "id": 50,
        "label": "0",
        "match_type": "无任何可匹配项",
        "tb_id": 48,
        "gaze_during": 0,
        "fix_id": 1000
    },
    {
        "text": "复核时间:",
        "position": [
            717.9042710465208,
            1151.5108013379602,
            764.6147319325005,
            1168.4396630511433
        ],
        "id": 51,
        "label": "0",
        "match_type": "无任何可匹配项",
        "tb_id": 49,
        "gaze_during": 0,
        "fix_id": 1000
    },
    {
        "text": "2020-11-02 12:",
        "position": [
            764.6147319325005,
            1151.5108013379602,
            895.4040224132436,
            1168.4396630511433
        ],
        "id": 52,
        "label": "0",
        "match_type": "无任何可匹配项",
        "tb_id": 50,
        "gaze_during": 0,
        "fix_id": 1000
    },
    {
        "text": "34:",
        "position": [
            895.4040224132436,
            1151.5108013379602,
            923.4302989448314,
            1168.4396630511433
        ],
        "id": 53,
        "label": "0",
        "match_type": "无任何可匹配项",
        "tb_id": 51,
        "gaze_during": 0,
        "fix_id": 1000
    },
    {
        "text": "36",
        "position": [
            923.4302989448314,
            1151.5108013379602,
            942.1144832992234,
            1168.4396630511433
        ],
        "id": 54,
        "label": "0",
        "match_type": "无任何可匹配项",
        "tb_id": 52,
        "gaze_during": 0,
        "fix_id": 1000
    }
]