[
    {
        "text": "TO:",
        "position": [
            71.70445132315609,
            74.82072191396972,
            98.85196391521232,
            100.93043094009799
        ],
        "id": 0,
        "label": "运输条款-value",
        "match_type": "子串匹配",
        "tb_id": 0,
        "gaze_during": 0,
        "fix_id": 1000
    },
    {
        "text": "宁波环集                                           DATE:",
        "position": [
            98.85196391521232,
            74.82072191396972,
            569.4088488441871,
            100.93043094009799
        ],
        "id": 1,
        "label": "0",
        "match_type": "无任何可匹配项",
        "tb_id": 1,
        "gaze_during": 230,
        "fix_id": 4
    },
    {
        "text": "2020-8-31",
        "position": [
            569.4088488441871,
            74.82072191396972,
            650.8513866203558,
            100.93043094009799
        ],
        "id": 2,
        "label": "0",
        "match_type": "无任何可匹配项",
        "tb_id": 2,
        "gaze_during": 0,
        "fix_id": 1000
    },
    {
        "text": "SIKO TRADING LTD.",
        "position": [
            374.3072945364977,
            120.91632761468232,
            640.7591646003883,
            146.16870291159444
        ],
        "id": 3,
        "label": "0",
        "match_type": "无任何可匹配项",
        "tb_id": 3,
        "gaze_during": 303,
        "fix_id": 9
    },
    {
        "text": "货物出运分析单(杭州朗年)",
        "position": [
            343.24096372205605,
            161.63411265031178,
            656.806234748898,
            191.47378010874408
        ],
        "id": 4,
        "label": "0",
        "match_type": "无任何可匹配项",
        "tb_id": 4,
        "gaze_during": 664,
        "fix_id": 13
    },
    {
        "text": "装运港:",
        "position": [
            71.70445132315609,
            208.2173617039044,
            115.28858394170025,
            234.3270707300327
        ],
        "id": 5,
        "label": "起运港",
        "match_type": "匹配为key",
        "tb_id": 5,
        "gaze_during": 397,
        "fix_id": 15
    },
    {
        "text": "NINGBO                                  目的港:",
        "position": [
            115.28858394170025,
            208.2173617039044,
            594.7140427456859,
            234.3270707300327
        ],
        "id": 6,
        "label": "0",
        "match_type": "无任何可匹配项",
        "tb_id": 6,
        "gaze_during": 753,
        "fix_id": 17
    },
    {
        "text": "HAMBURG",
        "position": [
            594.7140427456859,
            208.2173617039044,
            670.9862748281381,
            234.3270707300327
        ],
        "id": 7,
        "label": "目的港-value",
        "match_type": "全等",
        "tb_id": 7,
        "gaze_during": 0,
        "fix_id": 1000
    },
    {
        "text": "中英文品名:",
        "position": [
            71.70445132315609,
            252.68293729587293,
            178.94626444473076,
            278.7926463220012
        ],
        "id": 8,
        "label": "品名",
        "match_type": "匹配为key",
        "tb_id": 8,
        "gaze_during": 400,
        "fix_id": 19
    },
    {
        "text": "HINGES 铰链 ",
        "position": [
            178.94626444473076,
            252.68293729587293,
            357.6826196473552,
            278.7926463220012
        ],
        "id": 9,
        "label": "品名-value",
        "match_type": "全等",
        "tb_id": 9,
        "gaze_during": 601,
        "fix_id": 21
    },
    {
        "text": "唛头:",
        "position": [
            71.70445132315609,
            297.1485128878415,
            104.02082063689339,
            323.25822191396975
        ],
        "id": 10,
        "label": "唛头",
        "match_type": "匹配为key",
        "tb_id": 10,
        "gaze_during": 280,
        "fix_id": 23
    },
    {
        "text": "        20WX172  ",
        "position": [
            104.02082063689339,
            297.1485128878415,
            287.14691341473815,
            323.25822191396975
        ],
        "id": 11,
        "label": "唛头-value",
        "match_type": "全等",
        "tb_id": 11,
        "gaze_during": 203,
        "fix_id": 22
    },
    {
        "text": "       GERMANY HAMBURG",
        "position": [
            71.70445132315609,
            344.7864668386283,
            356.71594781499266,
            366.8822952234264
        ],
        "id": 12,
        "label": "0",
        "match_type": "无任何可匹配项",
        "tb_id": 12,
        "gaze_during": 640,
        "fix_id": 25
    },
    {
        "text": "件数:",
        "position": [
            71.70445132315609,
            386.07966407177855,
            100.92695093675384,
            412.1893730979068
        ],
        "id": 13,
        "label": "件数",
        "match_type": "匹配为key",
        "tb_id": 13,
        "gaze_during": 0,
        "fix_id": 1000
    },
    {
        "text": " 5 PALLETS                 ",
        "position": [
            100.92695093675384,
            386.07966407177855,
            363.9294474591336,
            412.1893730979068
        ],
        "id": 14,
        "label": "件数-value",
        "match_type": "全等",
        "tb_id": 14,
        "gaze_during": 727,
        "fix_id": 28
    },
    {
        "text": "毛重:",
        "position": [
            71.70445132315609,
            430.5451526777762,
            106.8143170139998,
            456.65486170390443
        ],
        "id": 15,
        "label": "毛重",
        "match_type": "匹配为key",
        "tb_id": 15,
        "gaze_during": 0,
        "fix_id": 1000
    },
    {
        "text": " 3260 KGS          净重:",
        "position": [
            106.8143170139998,
            430.5451526777762,
            364.2866654135203,
            456.65486170390443
        ],
        "id": 16,
        "label": "0",
        "match_type": "无任何可匹配项",
        "tb_id": 16,
        "gaze_during": 653,
        "fix_id": 32
    },
    {
        "text": "3089 KGS         体积:",
        "position": [
            364.2866654135203,
            430.5451526777762,
            598.3524366858118,
            456.65486170390443
        ],
        "id": 17,
        "label": "0",
        "match_type": "无任何可匹配项",
        "tb_id": 17,
        "gaze_during": 413,
        "fix_id": 34
    },
    {
        "text": "3.26 M3",
        "position": [
            598.3524366858118,
            430.5451526777762,
            680.2754566311136,
            456.65486170390443
        ],
        "id": 18,
        "label": "体积-value",
        "match_type": "全等",
        "tb_id": 18,
        "gaze_during": 80,
        "fix_id": 35
    },
    {
        "text": "CFS TO CFS                       FREIGHT PREPAID",
        "position": [
            142.23341217169133,
            478.1831501215484,
            603.4027278973814,
            500.2789785063465
        ],
        "id": 19,
        "label": "0",
        "match_type": "无任何可匹配项",
        "tb_id": 19,
        "gaze_during": 901,
        "fix_id": 39
    },
    {
        "text": "Shipper:",
        "position": [
            95.21410707462545,
            522.6487257135169,
            200.20053835145885,
            544.744554098315
        ],
        "id": 20,
        "label": "发货人",
        "match_type": "匹配为key",
        "tb_id": 20,
        "gaze_during": 437,
        "fix_id": 41
    },
    {
        "text": " HANGZHOU LONGYEAR TRADING CO.,LTD.",
        "position": [
            200.20053835145885,
            522.6487257135169,
            659.516175187605,
            544.744554098315
        ],
        "id": 21,
        "label": "发货人-value",
        "match_type": "全等",
        "tb_id": 21,
        "gaze_during": 750,
        "fix_id": 44
    },
    {
        "text": "Consignee:",
        "position": [
            71.70445132315609,
            567.1142578125,
            191.5293604239556,
            589.2100861972981
        ],
        "id": 22,
        "label": "收货人",
        "match_type": "匹配为key",
        "tb_id": 22,
        "gaze_during": 454,
        "fix_id": 46
    },
    {
        "text": " TO ORDER",
        "position": [
            191.5293604239556,
            567.1142578125,
            299.3717786146752,
            589.2100861972981
        ],
        "id": 23,
        "label": "收货人-value",
        "match_type": "全等",
        "tb_id": 23,
        "gaze_during": 0,
        "fix_id": 1000
    },
    {
        "text": "Notify:",
        "position": [
            106.96893495036012,
            611.5798334044686,
            180.88721931588384,
            633.6756617892667
        ],
        "id": 24,
        "label": "通知人",
        "match_type": "匹配为key",
        "tb_id": 24,
        "gaze_during": 327,
        "fix_id": 47
    },
    {
        "text": " Himmelsbach Leitern & Geruestefabrik GmbH",
        "position": [
            180.88721931588384,
            611.5798334044686,
            624.396925509026,
            633.6756617892667
        ],
        "id": 25,
        "label": "通知人-value",
        "match_type": "子串匹配",
        "tb_id": 25,
        "gaze_during": 990,
        "fix_id": 52
    },
    {
        "text": "Freiburger Straße 28 D-79341 Kenzingen",
        "position": [
            177.49789579889537,
            656.0454089964371,
            568.4399352566121,
            678.1412373812352
        ],
        "id": 26,
        "label": "通知人-value",
        "match_type": "子串匹配",
        "tb_id": 26,
        "gaze_during": 784,
        "fix_id": 56
    },
    {
        "text": "Mr. Volker Hauff  Tel:",
        "position": [
            177.49789579889537,
            700.5109410954202,
            391.9004915124318,
            722.6067694802183
        ],
        "id": 27,
        "label": "通知人-value",
        "match_type": "子串匹配",
        "tb_id": 27,
        "gaze_during": 430,
        "fix_id": 58
    },
    {
        "text": " +49 (0) 7644 9112 22",
        "position": [
            391.9004915124318,
            700.5109410954202,
            596.5575146935348,
            722.6067694802183
        ],
        "id": 28,
        "label": "通知人-value",
        "match_type": "全等",
        "tb_id": 28,
        "gaze_during": 293,
        "fix_id": 59
    },
    {
        "text": "预定船期:",
        "position": [
            71.70445132315609,
            741.8040948355849,
            120.86343901383586,
            767.9138038617132
        ],
        "id": 29,
        "label": "预配船期",
        "match_type": "匹配为key",
        "tb_id": 29,
        "gaze_during": 267,
        "fix_id": 61
    },
    {
        "text": " 2020-9-8                             付款:",
        "position": [
            120.86343901383586,
            741.8040948355849,
            523.96713807741,
            767.9138038617132
        ],
        "id": 30,
        "label": "0",
        "match_type": "无任何可匹配项",
        "tb_id": 30,
        "gaze_during": 1120,
        "fix_id": 64
    },
    {
        "text": " T/T",
        "position": [
            523.96713807741,
            741.8040948355849,
            563.2943282299539,
            767.9138038617132
        ],
        "id": 31,
        "label": "0",
        "match_type": "无任何可匹配项",
        "tb_id": 31,
        "gaze_during": 77,
        "fix_id": 65
    },
    {
        "text": " 20HZLYSK478                      合同号:",
        "position": [
            131.08245119339875,
            786.2696704275535,
            582.3552502072429,
            812.3793794536817
        ],
        "id": 33,
        "label": "0",
        "match_type": "无任何可匹配项",
        "tb_id": 32,
        "gaze_during": 2034,
        "fix_id": 77
    },
    {
        "text": "20WX172",
        "position": [
            582.3552502072429,
            786.2696704275535,
            665.4844500255825,
            812.3793794536817
        ],
        "id": 34,
        "label": "0",
        "match_type": "无任何可匹配项",
        "tb_id": 33,
        "gaze_during": 370,
        "fix_id": 76
    },
    {
        "text": "FORM A 最终目的国:",
        "position": [
            71.70445132315609,
            830.7351590335511,
            257.1139586407687,
            856.8448680596794
        ],
        "id": 35,
        "label": "0",
        "match_type": "无任何可匹配项",
        "tb_id": 34,
        "gaze_during": 350,
        "fix_id": 79
    },
    {
        "text": " 德国                  货源地:",
        "position": [
            257.1139586407687,
            830.7351590335511,
            613.6707034823313,
            856.8448680596794
        ],
        "id": 36,
        "label": "0",
        "match_type": "无任何可匹配项",
        "tb_id": 35,
        "gaze_during": 866,
        "fix_id": 83
    },
    {
        "text": "绍兴（思科）",
        "position": [
            613.6707034823313,
            830.7351590335511,
            699.2443222443063,
            856.8448680596794
        ],
        "id": 37,
        "label": "0",
        "match_type": "无任何可匹配项",
        "tb_id": 36,
        "gaze_during": 0,
        "fix_id": 1000
    },
    {
        "text": "品 名      数 量        金 额（C&F）     毛 重   净 重     H.S.CODE",
        "position": [
            71.70445132315609,
            875.2008216114906,
            694.5654727349654,
            901.3105306376189
        ],
        "id": 38,
        "label": "0",
        "match_type": "无任何可匹配项",
        "tb_id": 37,
        "gaze_during": 1183,
        "fix_id": 89
    },
    {
        "text": "10090 PCS   USD 11170.00                   8302100000 102",
        "position": [
            177.49789579889537,
            922.8386885763065,
            711.2140799649717,
            944.9345169611046
        ],
        "id": 39,
        "label": "0",
        "match_type": "无任何可匹配项",
        "tb_id": 38,
        "gaze_during": 1336,
        "fix_id": 94
    },
    {
        "text": "                        海运费  USD -160.00",
        "position": [
            71.70445132315609,
            956.3651694254751,
            333.00079166338685,
            975.9474511950713
        ],
        "id": 40,
        "label": "0",
        "match_type": "无任何可匹配项",
        "tb_id": 39,
        "gaze_during": 300,
        "fix_id": 95
    },
    {
        "text": "注:",
        "position": [
            71.70445132315609,
            1045.296320609412,
            105.9602721091782,
            1064.8786023790083
        ],
        "id": 41,
        "label": "0",
        "match_type": "无任何可匹配项",
        "tb_id": 40,
        "gaze_during": 0,
        "fix_id": 1000
    },
    {
        "text": "由于送货司机有可能在仓库卸错货物,为防止收错货物,请货代特别提示收货仓库除核对包装数量外,还必须",
        "position": [
            105.9602721091782,
            1045.296320609412,
            928.0999709737091,
            1064.8786023790083
        ],
        "id": 42,
        "label": "0",
        "match_type": "无任何可匹配项",
        "tb_id": 41,
        "gaze_during": 1059,
        "fix_id": 104
    },
    {
        "text": "核对包装箱唛头,否则货代须承担收错货带来的损失",
        "position": [
            71.70445132315609,
            1067.529151898382,
            463.9798283677057,
            1087.1114336679782
        ],
        "id": 43,
        "label": "0",
        "match_type": "无任何可匹配项",
        "tb_id": 42,
        "gaze_during": 193,
        "fix_id": 103
    }
]